id,name,code,bin,shortName,logo,transferSupported,lookupSupported,short_name,support,isTransfer,swift_code
17,Ngân hàng TMCP Công thương Việt Nam,ICB,970415,VietinBank,https://cdn.vietqr.io/img/ICB.png,1,1,VietinBank,3,1,ICBVVNVX
43,Ngân hàng TMCP Ngoại Thương Việt Nam,VCB,970436,Vietcombank,https://cdn.vietqr.io/img/VCB.png,1,1,Vietcombank,3,1,BFTVVNVX
4,Ngân hàng TMCP Đầu tư và Phát triển Việt Nam,BIDV,970418,BIDV,https://cdn.vietqr.io/img/BIDV.png,1,1,BIDV,3,1,BIDVVNVX
42,Ngân hàng Nông nghiệp và Phát triển Nông thôn Việt Nam,VBA,970405,Agribank,https://cdn.vietqr.io/img/VBA.png,1,1,Agribank,3,1,VBAAVNVX
26,Ngân hàng TMCP Phương Đông,OCB,970448,OCB,https://cdn.vietqr.io/img/OCB.png,1,1,OCB,3,1,ORCOVNVX
21,Ngân hàng TMCP Quân đội,MB,970422,MBBank,https://cdn.vietqr.io/img/MB.png,1,1,MBBank,3,1,MSCBVNVX
38,Ngân hàng TMCP Kỹ thương Việt Nam,TCB,970407,Techcombank,https://cdn.vietqr.io/img/TCB.png,1,1,Techcombank,3,1,VTCBVNVX
2,Ngân hàng TMCP Á Châu,ACB,970416,ACB,https://cdn.vietqr.io/img/ACB.png,1,1,ACB,3,1,ASCBVNVX
47,Ngân hàng TMCP Việt Nam Thịnh Vượng,VPB,970432,VPBank,https://cdn.vietqr.io/img/VPB.png,1,1,VPBank,3,1,VPBKVNVX
39,Ngân hàng TMCP Tiên Phong,TPB,970423,TPBank,https://cdn.vietqr.io/img/TPB.png,1,1,TPBank,3,1,TPBVVNVX
36,Ngân hàng TMCP Sài Gòn Thương Tín,STB,970403,Sacombank,https://cdn.vietqr.io/img/STB.png,1,1,Sacombank,3,1,SGTTVNVX
12,Ngân hàng TMCP Phát triển Thành phố Hồ Chí Minh,HDB,970437,HDBank,https://cdn.vietqr.io/img/HDB.png,1,1,HDBank,3,1,HDBCVNVX
44,Ngân hàng TMCP Bản Việt,VCCB,970454,VietCapitalBank,https://cdn.vietqr.io/img/VCCB.png,1,1,VietCapitalBank,3,1,VCBCVNVX
31,Ngân hàng TMCP Sài Gòn,SCB,970429,SCB,https://cdn.vietqr.io/img/SCB.png,1,1,SCB,3,1,SACLVNVX
45,Ngân hàng TMCP Quốc tế Việt Nam,VIB,970441,VIB,https://cdn.vietqr.io/img/VIB.png,1,1,VIB,3,1,VNIBVNVX
35,Ngân hàng TMCP Sài Gòn - Hà Nội,SHB,970443,SHB,https://cdn.vietqr.io/img/SHB.png,1,1,SHB,3,1,SHBAVNVX
10,Ngân hàng TMCP Xuất Nhập khẩu Việt Nam,EIB,970431,Eximbank,https://cdn.vietqr.io/img/EIB.png,1,1,Eximbank,3,1,EBVIVNVX
22,Ngân hàng TMCP Hàng Hải Việt Nam,MSB,970426,MSB,https://cdn.vietqr.io/img/MSB.png,1,1,MSB,3,1,MCOBVNVX
53,TMCP Việt Nam Thịnh Vượng - Ngân hàng số CAKE by VPBank,CAKE,546034,CAKE,https://cdn.vietqr.io/img/CAKE.png,1,1,CAKE,3,1,
54,TMCP Việt Nam Thịnh Vượng - Ngân hàng số Ubank by VPBank,Ubank,546035,Ubank,https://cdn.vietqr.io/img/UBANK.png,1,1,Ubank,3,1,
57,Tổng Công ty Dịch vụ số Viettel - Chi nhánh tập đoàn công nghiệp viễn thông Quân Đội,VTLMONEY,971005,ViettelMoney,https://cdn.vietqr.io/img/VIETTELMONEY.png,0,1,ViettelMoney,0,0,
58,Ngân hàng số Timo by Ban Viet Bank (Timo by Ban Viet Bank),TIMO,963388,Timo,https://vietqr.net/portal-service/resources/icons/TIMO.png,1,0,Timo,0,1,
56,VNPT Money,VNPTMONEY,971011,VNPTMoney,https://cdn.vietqr.io/img/VNPTMONEY.png,0,1,VNPTMoney,0,0,
34,Ngân hàng TMCP Sài Gòn Công Thương,SGICB,970400,SaigonBank,https://cdn.vietqr.io/img/SGICB.png,1,1,SaigonBank,3,1,SBITVNVX
3,Ngân hàng TMCP Bắc Á,BAB,970409,BacABank,https://cdn.vietqr.io/img/BAB.png,1,1,BacABank,3,1,NASCVNVX
65,CTCP Dịch Vụ Di Động Trực Tuyến,momo,971025,MoMo,https://cdn.vietqr.io/img/momo.png,1,1,MoMo,3,1,
64,Ngân hàng TMCP Đại Chúng Việt Nam Ngân hàng số,PVDB,971133,PVcomBank Pay,https://cdn.vietqr.io/img/PVCB.png,1,1,PVcomBank Pay,3,1,WBVNVNVX
30,Ngân hàng TMCP Đại Chúng Việt Nam,PVCB,970412,PVcomBank,https://cdn.vietqr.io/img/PVCB.png,1,1,PVcomBank,3,1,WBVNVNVX
27,Ngân hàng TNHH MTV Việt Nam Hiện Đại,MBV,970414,MBV,https://cdn.vietqr.io/img/MBV.png,1,1,MBV,3,1,OCBKUS3M
24,Ngân hàng TMCP Quốc Dân,NCB,970419,NCB,https://cdn.vietqr.io/img/NCB.png,1,1,NCB,3,1,NVBAVNVX
37,Ngân hàng TNHH MTV Shinhan Việt Nam,SHBVN,970424,ShinhanBank,https://cdn.vietqr.io/img/SHBVN.png,1,1,ShinhanBank,3,1,SHBKVNVX
1,Ngân hàng TMCP An Bình,ABB,970425,ABBANK,https://cdn.vietqr.io/img/ABB.png,1,1,ABBANK,3,1,ABBKVNVX
41,Ngân hàng TMCP Việt Á,VAB,970427,VietABank,https://cdn.vietqr.io/img/VAB.png,1,1,VietABank,3,1,VNACVNVX
23,Ngân hàng TMCP Nam Á,NAB,970428,NamABank,https://cdn.vietqr.io/img/NAB.png,1,1,NamABank,3,1,NAMAVNVX
29,Ngân hàng TMCP Thịnh vượng và Phát triển,PGB,970430,PGBank,https://cdn.vietqr.io/img/PGB.png,1,1,PGBank,3,1,PGBLVNVX
46,Ngân hàng TMCP Việt Nam Thương Tín,VIETBANK,970433,VietBank,https://cdn.vietqr.io/img/VIETBANK.png,1,1,VietBank,3,1,VNTTVNVX
5,Ngân hàng TMCP Bảo Việt,BVB,970438,BaoVietBank,https://cdn.vietqr.io/img/BVB.png,1,1,BaoVietBank,3,1,BVBVVNVX
33,Ngân hàng TMCP Đông Nam Á,SEAB,970440,SeABank,https://cdn.vietqr.io/img/SEAB.png,1,1,SeABank,3,1,SEAVVNVX
52,Ngân hàng Hợp tác xã Việt Nam,COOPBANK,970446,COOPBANK,https://cdn.vietqr.io/img/COOPBANK.png,1,1,COOPBANK,3,1,
20,Ngân hàng TMCP Lộc Phát Việt Nam,LPB,970449,LPBank,https://cdn.vietqr.io/img/LPB.png,1,1,LPBank,3,1,LVBKVNVX
19,Ngân hàng TMCP Kiên Long,KLB,970452,KienLongBank,https://cdn.vietqr.io/img/KLB.png,1,1,KienLongBank,3,1,KLBKVNVX
55,Ngân hàng Đại chúng TNHH Kasikornbank,KBank,668888,KBank,https://cdn.vietqr.io/img/KBANK.png,1,1,KBank,3,1,KASIVNVX
62,Công ty Tài chính TNHH MTV Mirae Asset (Việt Nam) ,MAFC,977777,MAFC,https://cdn.vietqr.io/img/MAFC.png,0,0,MAFC,0,0,
13,Ngân hàng TNHH MTV Hong Leong Việt Nam,HLBVN,970442,HongLeong,https://cdn.vietqr.io/img/HLBVN.png,0,1,HongLeong,0,0,HLBBVNVX
61,Ngân hàng KEB Hana – Chi nhánh Hà Nội,KEBHANAHN,970467,KEBHANAHN,https://cdn.vietqr.io/img/KEBHANAHN.png,0,0,KEBHANAHN,0,0,
60,Ngân hàng KEB Hana – Chi nhánh Thành phố Hồ Chí Minh,KEBHANAHCM,970466,KEBHanaHCM,https://cdn.vietqr.io/img/KEBHANAHCM.png,0,0,KEBHanaHCM,0,0,
59,"Ngân hàng Citibank, N.A. - Chi nhánh Hà Nội",CITIBANK,533948,Citibank,https://cdn.vietqr.io/img/CITIBANK.png,0,0,Citibank,0,0,
6,Ngân hàng Thương mại TNHH MTV Xây dựng Việt Nam,CBB,970444,CBBank,https://cdn.vietqr.io/img/CBB.png,0,1,CBBank,0,0,GTBAVNVX
7,Ngân hàng TNHH MTV CIMB Việt Nam,CIMB,422589,CIMB,https://cdn.vietqr.io/img/CIMB.png,1,1,CIMB,0,1,CIBBVNVN
8,DBS Bank Ltd - Chi nhánh Thành phố Hồ Chí Minh,DBS,796500,DBSBank,https://cdn.vietqr.io/img/DBS.png,0,0,DBSBank,0,0,DBSSVNVX
9,Ngân hàng TNHH MTV Số Vikki,Vikki,970406,Vikki,https://cdn.vietqr.io/img/Vikki.png,0,1,Vikki,0,0,EACBVNVX
63,Ngân hàng Chính sách Xã hội,VBSP,999888,VBSP,https://cdn.vietqr.io/img/VBSP.png,0,0,VBSP,0,0,
11,Ngân hàng Thương mại TNHH MTV Dầu Khí Toàn Cầu,GPB,970408,GPBank,https://cdn.vietqr.io/img/GPB.png,0,1,GPBank,0,0,GBNKVNVX
51,Ngân hàng Kookmin - Chi nhánh Thành phố Hồ Chí Minh,KBHCM,970463,KookminHCM,https://cdn.vietqr.io/img/KBHCM.png,0,0,KookminHCM,0,0,
50,Ngân hàng Kookmin - Chi nhánh Hà Nội,KBHN,970462,KookminHN,https://cdn.vietqr.io/img/KBHN.png,0,0,KookminHN,0,0,
49,Ngân hàng TNHH MTV Woori Việt Nam,WVN,970457,Woori,https://cdn.vietqr.io/img/WVN.png,1,1,Woori,0,1,
48,Ngân hàng Liên doanh Việt - Nga,VRB,970421,VRB,https://cdn.vietqr.io/img/VRB.png,0,1,VRB,0,0,
14,Ngân hàng TNHH MTV HSBC (Việt Nam),HSBC,458761,HSBC,https://cdn.vietqr.io/img/HSBC.png,0,1,HSBC,0,0,HSBCVNVX
15,Ngân hàng Công nghiệp Hàn Quốc - Chi nhánh Hà Nội,IBK - HN,970455,IBKHN,https://cdn.vietqr.io/img/IBK.png,0,0,IBKHN,0,0,
16,Ngân hàng Công nghiệp Hàn Quốc - Chi nhánh TP. Hồ Chí Minh,IBK - HCM,970456,IBKHCM,https://cdn.vietqr.io/img/IBK.png,0,0,IBKHCM,0,0,
18,Ngân hàng TNHH Indovina,IVB,970434,IndovinaBank,https://cdn.vietqr.io/img/IVB.png,0,1,IndovinaBank,0,0,
40,Ngân hàng United Overseas - Chi nhánh TP. Hồ Chí Minh,UOB,970458,UnitedOverseas,https://cdn.vietqr.io/img/UOB.png,0,1,UnitedOverseas,0,0,
25,Ngân hàng Nonghyup - Chi nhánh Hà Nội,NHB HN,801011,Nonghyup,https://cdn.vietqr.io/img/NHB.png,0,0,Nonghyup,0,0,
32,Ngân hàng TNHH MTV Standard Chartered Bank Việt Nam,SCVN,970410,StandardChartered,https://cdn.vietqr.io/img/SCVN.png,0,1,StandardChartered,0,0,SCBLVNVX
28,Ngân hàng TNHH MTV Public Việt Nam,PBVN,970439,PublicBank,https://cdn.vietqr.io/img/PBVN.png,0,1,PublicBank,0,0,VIDPVNVX